<included>
    <conversionRule conversionWord="coloredLevel" converterClass="play.api.libs.logback.ColoredLevel" />
    <conversionRule conversionWord="traceId" converterClass="com.pgi.playframework.infrastructure.logback.converters.TraceIdConverter"/>
    <conversionRule conversionWord="kamonDataMap" converterClass="com.pgi.playframework.infrastructure.logback.converters.KamonDataMapConverter" />

    <appender name="STDOUT" class="ch.qos.logback.core.ConsoleAppender">
        <encoder>
            <pattern>%date -- %coloredLevel %logger{15} - [%traceId] - %message%n%xException{5}</pattern>
        </encoder>
    </appender>

    <appender name="STASH-UDP" class="com.pgi.logging.logback.appenders.logstash.LogstashSocketAppender">
        <syslogHost>${logstash_host:-devvm-logs.dev.globalmeet.net}</syslogHost>
        <port>${logstash_port:-8000}</port>

        <!-- Logback will interpret any empty string variable as undefined. So, we have to do this ugly if/else. -->
        <if condition='isDefined("logstash_environment_subdomain")'>
            <then>
                <customFields>{"type":"${logstash_type}","environment":"${logstash_environment}","environment.subdomain":"${logstash_environment_subdomain}","region":"${logstash_region}"}</customFields>
            </then>
            <else>
                <customFields>{"type":"${logstash_type}","environment":"${logstash_environment}","region":"${logstash_region}"}</customFields>
            </else>
        </if>
        <provider class="net.logstash.logback.composite.loggingevent.LoggingEventPatternJsonProvider">
            <pattern>
                {
                "traceId":  "%traceId"
                }
            </pattern>
        </provider>
    </appender>

    <logger name="play" level="INFO"/>
    <logger name="application" level="DEBUG"/>
    <logger name="akka" level="INFO"/>

    <appender name="ASYNC_STASH" class="ch.qos.logback.classic.AsyncAppender" discardingThreshold="0">
        <appender-ref ref="STASH-UDP" />
    </appender>
</included>