<?xml version="1.0" encoding="UTF-8"?>
<configuration>
    <property name="logstash_type" value="${logstash_type:-gmsearch}" />
    <property name="logstash_environment" value="${logstash_environment:-dev}" />
    <property name="logstash_region" value="${logstash_region:-local}" />
    <property name="logback_prodmode" value="${logback_prodmode:-false}" />

    <include file="conf/logback-common.xml" />

    <root level="INFO">
        <if condition='!Boolean.parseBoolean(p("logback_prodmode"))'>
            <then>
                <appender-ref ref="STDOUT" />
            </then>
        </if>
        <appender-ref ref="ASYNC_STASH" />
    </root>
</configuration>
